Data,Otwarcie,Najwyzszy,Najnizszy,Zamkniecie,Wolumen,LOP
2015-01-21,643.0,643.0,643.0,643.0,240.0,7480.0
2015-01-22,621.5,621.5,621.5,621.5,540.0,7780.0
2015-01-23,620.5,620.5,620.5,620.5,820.0,8280.0
2015-01-26,601.75,601.75,601.75,601.75,280.0,7840.0
2015-01-27,602.75,602.75,602.75,602.75,520.0,8160.0
2015-01-28,606.0,606.0,606.0,606.0,120.0,8160.0
2015-01-29,582.5,582.5,582.5,582.5,,
2015-01-30,588.5,588.5,588.5,588.5,160.0,7340.0
2015-02-02,588.5,588.5,588.5,588.5,,
2015-02-03,588.5,588.5,588.5,588.5,,
2015-02-04,613.5,613.5,613.5,613.5,780.0,7400.0
2015-02-05,643.0,643.0,643.0,643.0,180.0,7100.0
2015-02-06,657.5,657.5,657.5,657.5,360.0,7460.0
2015-02-09,649.5,649.5,649.5,649.5,60.0,7520.0
2015-02-10,641.25,641.25,641.25,641.25,360.0,7520.0
2015-02-11,634.0,634.0,634.0,634.0,,
2015-02-12,633.0,633.0,633.0,633.0,,
2015-02-13,636.25,636.25,636.25,636.25,,
2015-02-17,637.25,637.25,637.25,637.25,320.0,7520.0
2015-02-18,639.25,639.25,639.25,639.25,160.0,7360.0
2015-02-19,639.25,639.25,639.25,639.25,,
2015-02-20,639.25,639.25,639.25,639.25,,
2015-02-23,615.75,615.75,615.75,615.75,580.0,7240.0
2015-02-24,621.5,621.5,621.5,621.5,120.0,7320.0
2015-02-25,620.5,620.5,620.5,620.5,40.0,7360.0
2015-02-26,631.5,631.5,631.5,631.5,360.0,6320.0
2015-02-27,637.25,637.25,637.25,637.25,200.0,6360.0
2015-03-02,653.25,653.25,653.25,653.25,,
2015-03-03,655.5,655.5,655.5,655.5,,
2015-03-04,651.75,651.75,651.75,651.75,,
2015-03-05,637.75,637.75,637.75,637.75,180.0,6360.0
2015-03-06,631.0,631.0,631.0,631.0,60.0,6360.0
2015-03-09,622.0,622.0,622.0,622.0,,
2015-03-10,614.75,614.75,614.75,614.75,360.0,6560.0
2015-03-11,619.75,619.75,619.75,619.75,360.0,6800.0
2015-03-12,616.5,616.5,616.5,616.5,320.0,6880.0
2015-03-13,616.75,616.75,616.75,616.75,200.0,7000.0
2015-03-16,608.25,608.25,608.25,608.25,120.0,6880.0
2015-03-17,601.5,601.5,601.5,601.5,240.0,6860.0
2015-03-18,607.75,607.75,607.75,607.75,280.0,6900.0
2015-03-19,610.75,610.75,610.75,610.75,,
2015-03-20,603.75,603.75,603.75,603.75,,
2015-03-23,607.0,607.0,607.0,607.0,140.0,6960.0
2015-03-24,606.25,606.25,606.25,606.25,380.0,7240.0
2015-03-25,607.25,607.25,607.25,607.25,240.0,7080.0
2015-03-26,607.75,607.75,607.75,607.75,400.0,6100.0
2015-03-27,591.0,591.0,591.0,591.0,120.0,5980.0
2015-03-30,590.75,590.75,590.75,590.75,200.0,5980.0
2015-03-31,582.0,582.0,582.0,582.0,80.0,6060.0
2015-04-01,584.25,584.25,584.25,584.25,,
2015-04-02,588.25,588.25,588.25,588.25,,
2015-04-06,612.25,612.25,612.25,612.25,280.0,6080.0
2015-04-07,606.25,606.25,606.25,606.25,160.0,6160.0
2015-04-08,596.0,596.0,596.0,596.0,120.0,6040.0
2015-04-09,588.5,588.5,588.5,588.5,40.0,6000.0
2015-04-10,587.5,587.5,587.5,587.5,,
2015-04-13,583.0,583.0,583.0,583.0,160.0,6240.0
2015-04-14,578.75,578.75,578.75,578.75,120.0,6240.0
2015-04-15,580.5,580.5,580.5,580.5,,
2015-04-16,585.75,585.75,585.75,585.75,240.0,6120.0
2015-04-17,591.0,591.0,591.0,591.0,,
2015-04-20,594.5,594.5,594.5,594.5,1360.0,6840.0
2015-04-21,595.75,595.75,595.75,595.75,120.0,6840.0
2015-04-22,595.0,595.0,595.0,595.0,500.0,6980.0
2015-04-23,594.5,594.5,594.5,594.5,,
2015-04-24,598.25,598.25,598.25,598.25,580.0,7200.0
2015-04-27,591.75,591.75,591.75,591.75,200.0,7260.0
2015-04-28,589.25,589.25,589.25,589.25,680.0,7340.0
2015-04-29,584.0,584.0,584.0,584.0,1200.0,8320.0
2015-04-30,592.0,592.0,592.0,592.0,1440.0,7920.0
2015-05-01,592.0,592.0,592.0,592.0,,
2015-05-04,592.0,592.0,592.0,592.0,,
2015-05-05,598.0,598.0,598.0,598.0,200.0,8080.0
2015-05-06,609.25,609.25,609.25,609.25,160.0,8200.0
2015-05-07,605.5,605.5,605.5,605.5,160.0,8300.0
2015-05-08,599.75,599.75,599.75,599.75,1020.0,8760.0
2015-05-11,609.0,609.0,609.0,609.0,240.0,8800.0
2015-05-12,614.25,614.25,614.25,614.25,320.0,8980.0
2015-05-13,610.5,610.5,610.5,610.5,380.0,9240.0
2015-05-14,615.5,615.5,615.5,615.5,120.0,9240.0
2015-05-15,612.25,612.25,612.25,612.25,,
2015-05-18,610.75,610.75,610.75,610.75,120.0,9260.0
2015-05-19,601.0,601.0,601.0,601.0,,
2015-05-20,593.25,593.25,593.25,593.25,180.0,9440.0
2015-05-21,598.75,598.75,598.75,598.75,280.0,9280.0
2015-05-22,594.5,594.5,594.5,594.5,280.0,9200.0
2015-05-26,603.75,603.75,603.75,603.75,240.0,9200.0
2015-05-27,598.75,598.75,598.75,598.75,140.0,9200.0
2015-05-28,605.25,605.25,605.25,605.25,280.0,8380.0
2015-05-29,607.75,607.75,607.75,607.75,220.0,8540.0
2015-06-01,624.5,624.5,624.5,624.5,,
2015-06-02,625.5,625.5,625.5,625.5,,
2015-06-03,623.75,623.75,623.75,623.75,260.0,8520.0
2015-06-04,626.25,626.25,626.25,626.25,200.0,8500.0
2015-06-05,629.5,629.5,629.5,629.5,320.0,8520.0
2015-06-08,621.5,621.5,621.5,621.5,160.0,8440.0
2015-06-09,618.75,618.75,618.75,618.75,160.0,8440.0
2015-06-10,614.25,614.25,614.25,614.25,240.0,8680.0
2015-06-11,617.0,617.0,617.0,617.0,160.0,8760.0
2015-06-12,613.75,613.75,613.75,613.75,,
2015-06-15,610.0,610.0,610.0,610.0,40.0,8760.0
2015-06-16,614.75,614.75,614.75,614.75,,
2015-06-17,615.0,615.0,615.0,615.0,180.0,8580.0
2015-06-18,609.75,609.75,609.75,609.75,360.0,8820.0
2015-06-19,611.25,611.25,611.25,611.25,40.0,8780.0
2015-06-22,608.75,608.75,608.75,608.75,,
2015-06-23,607.75,607.75,607.75,607.75,340.0,8920.0
2015-06-24,610.75,610.75,610.75,610.75,120.0,8920.0
2015-06-25,610.25,610.25,610.25,610.25,120.0,7660.0
2015-06-26,610.5,610.5,610.5,610.5,120.0,7660.0
2015-06-29,604.0,604.0,604.0,604.0,,
2015-06-30,593.0,593.0,593.0,593.0,180.0,7600.0
2015-07-01,609.25,609.25,609.25,609.25,160.0,7560.0
2015-07-02,605.5,605.5,605.5,605.5,160.0,7980.0
2015-07-06,591.5,591.5,591.5,591.5,120.0,7940.0
2015-07-07,583.5,583.5,583.5,583.5,,
2015-07-08,567.75,567.75,567.75,567.75,160.0,7980.0
2015-07-09,578.75,578.75,578.75,578.75,80.0,7980.0
2015-07-10,584.25,584.25,584.25,584.25,320.0,8180.0
2015-07-13,582.25,582.25,582.25,582.25,160.0,8180.0
2015-07-14,583.0,583.0,583.0,583.0,,
2015-07-15,581.5,581.5,581.5,581.5,,
2015-07-16,579.5,579.5,579.5,579.5,240.0,8180.0
2015-07-17,579.5,579.5,579.5,579.5,,
2015-07-20,577.75,577.75,577.75,577.75,40.0,8220.0
2015-07-21,585.5,585.5,585.5,585.5,,
2015-07-22,584.75,584.75,584.75,584.75,,
2015-07-23,577.25,577.25,577.25,577.25,80.0,8220.0
2015-07-24,574.25,574.25,574.25,574.25,,
2015-07-27,563.25,563.25,563.25,563.25,400.0,8540.0
2015-07-28,560.0,560.0,560.0,560.0,100.0,8580.0
2015-07-29,555.5,555.5,555.5,555.5,312.0,8520.0
2015-07-30,559.5,559.5,559.5,559.5,,
2015-07-31,558.5,558.5,558.5,558.5,80.0,7600.0
2015-08-03,538.0,538.0,538.0,538.0,,
2015-08-04,536.5,536.5,536.5,536.5,440.0,7440.0
2015-08-05,528.0,528.0,528.0,528.0,320.0,7460.0
2015-08-06,528.75,528.75,528.75,528.75,180.0,7340.0
2015-08-07,523.75,523.75,523.75,523.75,160.0,7420.0
2015-08-10,520.75,520.75,520.75,520.75,,
2015-08-11,520.75,520.75,520.75,520.75,360.0,7400.0
2015-08-12,503.5,503.5,503.5,503.5,80.0,7480.0
2015-08-13,509.5,509.5,509.5,509.5,280.0,7600.0
2015-08-14,493.25,493.25,493.25,493.25,120.0,7600.0
2015-08-17,496.0,496.0,496.0,496.0,360.0,7580.0
2015-08-18,501.5,501.5,501.5,501.5,,
2015-08-19,497.5,497.5,497.5,497.5,,
2015-08-20,485.25,485.25,485.25,485.25,,
2015-08-21,476.75,476.75,476.75,476.75,,
2015-08-24,450.0,450.0,450.0,450.0,440.0,7660.0
2015-08-25,450.25,450.25,450.25,450.25,,
2015-08-26,437.5,437.5,437.5,437.5,260.0,7700.0
2015-08-27,452.5,452.5,452.5,452.5,1360.0,7360.0
2015-08-28,482.5,482.5,482.5,482.5,420.0,7320.0
2015-08-31,482.5,482.5,482.5,482.5,,
2015-09-01,493.75,493.75,493.75,493.75,1560.0,8540.0
2015-09-02,479.75,479.75,479.75,479.75,680.0,8820.0
2015-09-03,490.0,490.0,490.0,490.0,180.0,8900.0
2015-09-04,487.75,487.75,487.75,487.75,,
2015-09-08,494.25,494.25,494.25,494.25,160.0,8980.0
2015-09-09,504.75,504.75,504.75,504.75,20.0,8980.0
2015-09-10,508.5,508.5,508.5,508.5,360.0,9040.0
2015-09-11,505.25,505.25,505.25,505.25,320.0,9200.0
2015-09-14,519.0,519.0,519.0,519.0,416.0,9220.0
2015-09-15,508.25,508.25,508.25,508.25,360.0,9380.0
2015-09-16,508.25,508.25,508.25,508.25,,
2015-09-17,500.25,500.25,500.25,500.25,380.0,9600.0
2015-09-18,495.75,495.75,495.75,495.75,,
2015-09-21,507.0,507.0,507.0,507.0,420.0,9440.0
2015-09-22,509.5,509.5,509.5,509.5,120.0,9400.0
2015-09-23,515.25,515.25,515.25,515.25,120.0,9400.0
2015-09-24,515.25,515.25,515.25,515.25,,
2015-09-25,533.5,533.5,533.5,533.5,360.0,8400.0
2015-09-28,544.5,544.5,544.5,544.5,,
2015-09-29,548.25,548.25,548.25,548.25,440.0,8640.0
2015-09-30,534.0,534.0,534.0,534.0,160.0,8600.0
2015-10-01,546.75,546.75,546.75,546.75,200.0,8600.0
2015-10-02,537.0,537.0,537.0,537.0,,
2015-10-05,547.5,547.5,547.5,547.5,140.0,8580.0
2015-10-06,542.75,542.75,542.75,542.75,708.0,8760.0
2015-10-07,537.5,537.5,537.5,537.5,324.0,8740.0
2015-10-08,539.25,539.25,539.25,539.25,496.0,8904.0
2015-10-09,538.5,538.5,538.5,538.5,,
2015-10-12,540.25,540.25,540.25,540.25,720.0,9204.0
2015-10-13,549.5,549.5,549.5,549.5,,
2015-10-14,549.5,549.5,549.5,549.5,,
2015-10-15,550.5,550.5,550.5,550.5,280.0,9284.0
2015-10-16,549.0,549.0,549.0,549.0,,
2015-10-19,542.75,542.75,542.75,542.75,,
2015-10-20,544.5,544.5,544.5,544.5,240.0,9404.0
2015-10-21,558.75,558.75,558.75,558.75,80.0,9484.0
2015-10-22,559.5,559.5,559.5,559.5,160.0,9604.0
2015-10-23,558.0,558.0,558.0,558.0,336.0,9484.0
2015-10-26,542.5,542.5,542.5,542.5,440.0,9624.0
2015-10-27,552.5,552.5,552.5,552.5,260.0,9668.0
2015-10-28,554.75,554.75,554.75,554.75,420.0,9728.0
2015-10-29,559.5,559.5,559.5,559.5,,
2015-10-30,558.25,558.25,558.25,558.25,40.0,8108.0
2015-11-02,552.5,552.5,552.5,552.5,,
2015-11-03,548.5,548.5,548.5,548.5,20.0,8128.0
2015-11-04,563.25,563.25,563.25,563.25,1080.0,9048.0
2015-11-05,557.75,557.75,557.75,557.75,160.0,8808.0
2015-11-06,552.25,552.25,552.25,552.25,,
2015-11-09,557.75,557.75,557.75,557.75,520.0,8628.0
2015-11-10,557.75,557.75,557.75,557.75,,
2015-11-11,544.25,544.25,544.25,544.25,,
2015-11-12,544.25,544.25,544.25,544.25,440.0,8668.0
2015-11-13,535.75,535.75,535.75,535.75,160.0,8768.0
2015-11-16,523.5,523.5,523.5,523.5,,
2015-11-17,523.75,523.75,523.75,523.75,140.0,8668.0
2015-11-18,527.0,527.0,527.0,527.0,120.0,8548.0
2015-11-19,527.75,527.75,527.75,527.75,200.0,8684.0
2015-11-20,532.25,532.25,532.25,532.25,440.0,8740.0
2015-11-23,530.25,530.25,530.25,530.25,308.0,8780.0
2015-11-24,532.5,532.5,532.5,532.5,220.0,8920.0
2015-11-25,546.25,546.25,546.25,546.25,220.0,8920.0
2015-11-27,558.75,558.75,558.75,558.75,232.0,9048.0
2015-11-30,550.25,550.25,550.25,550.25,200.0,7524.0
2015-12-01,560.25,560.25,560.25,560.25,360.0,7744.0
2015-12-02,565.5,565.5,565.5,565.5,80.0,7784.0
2015-12-03,567.25,567.25,567.25,567.25,336.0,8120.0
2015-12-04,572.25,572.25,572.25,572.25,400.0,8260.0
2015-12-07,588.0,588.0,588.0,588.0,480.0,8140.0
2015-12-08,574.25,574.25,574.25,574.25,560.0,7980.0
2015-12-09,571.5,571.5,571.5,571.5,160.0,8100.0
2015-12-10,571.75,571.75,571.75,571.75,560.0,8160.0
2015-12-11,584.75,584.75,584.75,584.75,120.0,8240.0
2015-12-14,573.0,573.0,573.0,573.0,,
2015-12-15,555.75,555.75,555.75,555.75,,
2015-12-16,557.0,557.0,557.0,557.0,,
2015-12-17,551.25,551.25,551.25,551.25,40.0,8280.0
2015-12-18,557.0,557.0,557.0,557.0,320.0,8280.0
2015-12-21,567.5,567.5,567.5,567.5,240.0,8344.0
2015-12-22,574.75,574.75,574.75,574.75,,
2015-12-23,577.25,577.25,577.25,577.25,1504.0,8948.0
2015-12-24,577.25,577.25,577.25,577.25,,
2015-12-28,568.75,568.75,568.75,568.75,880.0,9108.0
2015-12-29,579.0,579.0,579.0,579.0,,
2015-12-30,592.0,592.0,592.0,592.0,400.0,9448.0
2015-12-31,589.0,589.0,589.0,589.0,,
2016-01-04,575.25,575.25,575.25,575.25,480.0,8428.0
2016-01-05,577.25,577.25,577.25,577.25,,
2016-01-06,573.5,573.5,573.5,573.5,380.0,8608.0
2016-01-07,561.5,561.5,561.5,561.5,240.0,8808.0
2016-01-08,569.75,569.75,569.75,569.75,40.0,8848.0
2016-01-11,559.0,559.0,559.0,559.0,,
2016-01-12,557.0,557.0,557.0,557.0,100.0,8948.0
2016-01-13,563.0,563.0,563.0,563.0,,
2016-01-14,559.25,559.25,559.25,559.25,560.0,8924.0
2016-01-15,562.5,562.5,562.5,562.5,,
2016-01-19,563.75,563.75,563.75,563.75,400.0,9604.0
2016-01-20,564.5,564.5,564.5,564.5,,
2016-01-21,556.0,556.0,556.0,556.0,240.0,9404.0
2016-01-22,568.0,568.0,568.0,568.0,440.0,9524.0
2016-01-25,568.0,568.0,568.0,568.0,,
2016-01-26,578.5,578.5,578.5,578.5,1400.0,9612.0
2016-01-27,585.75,585.75,585.75,585.75,,
2016-01-28,585.0,585.0,585.0,585.0,,
2016-01-29,590.0,590.0,590.0,590.0,200.0,8608.0
2016-02-01,590.0,590.0,590.0,590.0,,
2016-02-02,600.25,600.25,600.25,600.25,320.0,8788.0
2016-02-03,600.0,600.0,600.0,600.0,440.0,8828.0
2016-02-04,608.25,608.25,608.25,608.25,80.0,8808.0
2016-02-05,621.0,621.0,621.0,621.0,,
2016-02-08,621.0,621.0,621.0,621.0,,
2016-02-09,621.0,621.0,621.0,621.0,,
2016-02-10,612.0,612.0,612.0,612.0,440.0,8748.0
2016-02-11,630.75,630.75,630.75,630.75,360.0,8668.0
2016-02-12,634.0,634.0,634.0,634.0,,
2016-02-16,626.75,626.75,626.75,626.75,720.0,9068.0
2016-02-17,621.25,621.25,621.25,621.25,280.0,8848.0
2016-02-18,623.0,623.0,623.0,623.0,240.0,9088.0
2016-02-19,613.0,613.0,613.0,613.0,2040.0,10228.0
2016-02-22,610.0,610.0,610.0,610.0,160.0,10348.0
2016-02-23,609.5,609.5,609.5,609.5,1144.0,10068.0
2016-02-24,594.25,594.25,594.25,594.25,60.0,10068.0
2016-02-25,602.5,602.5,602.5,602.5,,
2016-02-26,604.5,604.5,604.5,604.5,1000.0,10228.0
2016-02-29,601.0,601.0,601.0,601.0,1360.0,9852.0
2016-03-01,603.25,603.25,603.25,603.25,980.0,10632.0
2016-03-02,597.0,597.0,597.0,597.0,80.0,10632.0
2016-03-03,603.5,603.5,603.5,603.5,420.0,10892.0
2016-03-04,602.75,602.75,602.75,602.75,260.0,11152.0
2016-03-07,618.25,618.25,618.25,618.25,120.0,11272.0
2016-03-08,614.5,614.5,614.5,614.5,,
2016-03-09,615.75,615.75,615.75,615.75,,
2016-03-10,616.5,616.5,616.5,616.5,180.0,11252.0
2016-03-11,632.75,632.75,632.75,632.75,820.0,11792.0
2016-03-14,632.5,632.5,632.5,632.5,800.0,11972.0
2016-03-15,633.25,633.25,633.25,633.25,840.0,12452.0
2016-03-16,631.25,631.25,631.25,631.25,700.0,12932.0
2016-03-17,649.5,649.5,649.5,649.5,600.0,13352.0
2016-03-18,659.5,659.5,659.5,659.5,680.0,13332.0
2016-03-21,659.0,659.0,659.0,659.0,500.0,13112.0
2016-03-22,669.5,669.5,669.5,669.5,720.0,13072.0
2016-03-23,676.5,676.5,676.5,676.5,2820.0,13272.0
2016-03-24,662.25,662.25,662.25,662.25,,
2016-03-28,681.0,681.0,681.0,681.0,640.0,13672.0
2016-03-29,692.75,692.75,692.75,692.75,860.0,13592.0
2016-03-30,689.5,689.5,689.5,689.5,840.0,13812.0
2016-03-31,692.25,692.25,692.25,692.25,600.0,12500.0
2016-04-01,702.25,702.25,702.25,702.25,,
2016-04-04,712.75,712.75,712.75,712.75,,
2016-04-05,700.25,700.25,700.25,700.25,,
2016-04-06,693.0,693.0,693.0,693.0,20.0,12520.0
2016-04-07,694.25,694.25,694.25,694.25,200.0,12520.0
2016-04-08,679.75,679.75,679.75,679.75,400.0,12540.0
2016-04-11,685.5,685.5,685.5,685.5,360.0,12600.0
2016-04-12,675.75,675.75,675.75,675.75,40.0,12600.0
2016-04-13,687.0,687.0,687.0,687.0,800.0,12980.0
2016-04-14,680.75,680.75,680.75,680.75,1480.0,14240.0
2016-04-15,677.0,677.0,677.0,677.0,1240.0,13920.0
2016-04-18,677.25,677.25,677.25,677.25,520.0,13840.0
2016-04-19,688.5,688.5,688.5,688.5,600.0,13960.0
2016-04-20,695.25,695.25,695.25,695.25,40.0,14000.0
2016-04-21,698.0,698.0,698.0,698.0,1260.0,14240.0
2016-04-22,684.5,684.5,684.5,684.5,160.0,14220.0
2016-04-25,674.0,674.0,674.0,674.0,160.0,14380.0
2016-04-26,675.25,675.25,675.25,675.25,360.0,14740.0
2016-04-27,669.25,669.25,669.25,669.25,440.0,14740.0
2016-04-28,661.5,661.5,661.5,661.5,1040.0,15580.0
2016-04-29,663.75,663.75,663.75,663.75,1080.0,15600.0
2016-05-02,663.75,663.75,663.75,663.75,,
2016-05-03,644.75,644.75,644.75,644.75,80.0,15640.0
2016-05-04,654.25,654.25,654.25,654.25,820.0,15620.0
2016-05-05,651.25,651.25,651.25,651.25,200.0,15420.0
2016-05-06,650.25,650.25,650.25,650.25,200.0,15420.0
2016-05-09,658.75,658.75,658.75,658.75,,
2016-05-10,650.0,650.0,650.0,650.0,120.0,15420.0
2016-05-11,656.0,656.0,656.0,656.0,,
2016-05-12,650.0,650.0,650.0,650.0,,
2016-05-13,634.25,634.25,634.25,634.25,,
2016-05-16,641.0,641.0,641.0,641.0,,
2016-05-17,647.5,647.5,647.5,647.5,,
2016-05-19,617.5,617.5,617.5,617.5,1000.0,17180.0
2016-05-20,619.5,619.5,619.5,619.5,520.0,16940.0
2016-05-23,611.5,611.5,611.5,611.5,120.0,16800.0
2016-05-24,609.0,609.0,609.0,609.0,240.0,16800.0
2016-05-25,619.0,619.0,619.0,619.0,320.0,16640.0
2016-05-26,631.75,631.75,631.75,631.75,420.0,16600.0
2016-05-27,627.5,627.5,627.5,627.5,,
2016-05-31,637.25,637.25,637.25,637.25,1800.0,15380.0
2016-06-01,630.25,630.25,630.25,630.25,520.0,15580.0
2016-06-02,633.75,633.75,633.75,633.75,480.0,16060.0
2016-06-03,640.75,640.75,640.75,640.75,360.0,16400.0
2016-06-06,647.0,647.0,647.0,647.0,,
2016-06-07,636.75,636.75,636.75,636.75,420.0,16660.0
2016-06-08,637.0,637.0,637.0,637.0,180.0,16840.0
2016-06-09,640.25,640.25,640.25,640.25,2600.0,16740.0
2016-06-10,635.75,635.75,635.75,635.75,1320.0,17060.0
2016-06-13,607.75,607.75,607.75,607.75,1160.0,16880.0
2016-06-14,600.0,600.0,600.0,600.0,880.0,17240.0
2016-06-15,596.75,596.75,596.75,596.75,1560.0,18500.0
2016-06-16,587.25,587.25,587.25,587.25,240.0,18500.0
2016-06-17,595.5,595.5,595.5,595.5,240.0,18740.0
2016-06-20,585.5,585.5,585.5,585.5,480.0,18820.0
2016-06-21,581.75,581.75,581.75,581.75,600.0,18740.0
2016-06-22,581.75,581.75,581.75,581.75,160.0,18740.0
2016-06-23,589.75,589.75,589.75,589.75,600.0,18740.0
2016-06-24,580.0,580.0,580.0,580.0,380.0,18540.0
2016-06-27,574.25,574.25,574.25,574.25,120.0,18620.0
2016-06-28,577.25,577.25,577.25,577.25,620.0,18520.0
2016-06-29,568.5,568.5,568.5,568.5,560.0,19080.0
2016-06-30,582.75,582.75,582.75,582.75,200.0,17340.0
2016-07-01,589.5,589.5,589.5,589.5,,
2016-07-05,584.75,584.75,584.75,584.75,2340.0,17440.0
2016-07-06,583.25,583.25,583.25,583.25,,
2016-07-07,583.25,583.25,583.25,583.25,,
2016-07-08,549.75,549.75,549.75,549.75,1680.0,16880.0
2016-07-11,557.25,557.25,557.25,557.25,,
2016-07-12,543.75,543.75,543.75,543.75,760.0,17120.0
2016-07-13,554.25,554.25,554.25,554.25,40.0,17160.0
2016-07-14,564.5,564.5,564.5,564.5,160.0,17200.0
2016-07-15,571.5,571.5,571.5,571.5,,
2016-07-18,571.5,571.5,571.5,571.5,,
2016-07-19,575.5,575.5,575.5,575.5,,
2016-07-20,581.25,581.25,581.25,581.25,120.0,17200.0
2016-07-21,579.5,579.5,579.5,579.5,816.0,17200.0
2016-07-22,569.5,569.5,569.5,569.5,440.0,17280.0
2016-07-25,555.0,555.0,555.0,555.0,120.0,17280.0
2016-07-26,565.75,565.75,565.75,565.75,320.0,17160.0
2016-07-27,568.0,568.0,568.0,568.0,40.0,17200.0
2016-07-28,565.5,565.5,565.5,565.5,760.0,17840.0
2016-07-29,570.0,570.0,570.0,570.0,,
2016-08-01,573.25,573.25,573.25,573.25,240.0,16580.0
2016-08-02,575.75,575.75,575.75,575.75,260.0,16820.0
2016-08-03,592.75,592.75,592.75,592.75,420.0,16920.0
2016-08-04,602.25,602.25,602.25,602.25,360.0,16860.0
2016-08-05,593.5,593.5,593.5,593.5,160.0,16860.0
2016-08-08,592.5,592.5,592.5,592.5,,
2016-08-09,608.5,608.5,608.5,608.5,160.0,16900.0
2016-08-10,620.5,620.5,620.5,620.5,1400.0,17520.0
2016-08-11,612.75,612.75,612.75,612.75,1488.0,18512.0
2016-08-12,621.75,621.75,621.75,621.75,640.0,18732.0
2016-08-15,639.5,639.5,639.5,639.5,840.0,19292.0
2016-08-16,635.75,635.75,635.75,635.75,380.0,19652.0
2016-08-17,661.5,661.5,661.5,661.5,500.0,19892.0
2016-08-18,645.0,645.0,645.0,645.0,80.0,19892.0
2016-08-19,643.5,643.5,643.5,643.5,,
2016-08-22,630.75,630.75,630.75,630.75,,
2016-08-23,640.0,640.0,640.0,640.0,,
2016-08-24,643.75,643.75,643.75,643.75,,
2016-08-25,635.0,635.0,635.0,635.0,244.0,20096.0
2016-08-26,635.0,635.0,635.0,635.0,240.0,20096.0
2016-08-29,622.75,622.75,622.75,622.75,,
2016-08-30,624.0,624.0,624.0,624.0,64.0,20068.0
2016-08-31,624.0,624.0,624.0,624.0,,
2016-09-01,618.5,618.5,618.5,618.5,,
2016-09-02,634.25,634.25,634.25,634.25,,
2016-09-06,643.0,643.0,643.0,643.0,1620.0,19376.0
2016-09-07,627.0,627.0,627.0,627.0,480.0,18896.0
2016-09-08,627.5,627.5,627.5,627.5,720.0,19256.0
2016-09-09,636.0,636.0,636.0,636.0,696.0,19856.0
2016-09-12,636.0,636.0,636.0,636.0,,
2016-09-13,620.75,620.75,620.75,620.75,800.0,19756.0
2016-09-14,611.75,611.75,611.75,611.75,480.0,20164.0
2016-09-15,619.5,619.5,619.5,619.5,,
2016-09-16,619.5,619.5,619.5,619.5,,
2016-09-19,618.5,618.5,618.5,618.5,,
2016-09-20,644.75,644.75,644.75,644.75,368.0,20332.0
2016-09-21,640.5,640.5,640.5,640.5,320.0,20212.0
2016-09-22,655.5,655.5,655.5,655.5,,
2016-09-23,654.0,654.0,654.0,654.0,40.0,20212.0
2016-09-26,649.75,649.75,649.75,649.75,80.0,20172.0
2016-09-27,638.25,638.25,638.25,638.25,40.0,20212.0
2016-09-28,625.25,625.25,625.25,625.25,440.0,20252.0
2016-09-29,632.0,632.0,632.0,632.0,1560.0,21452.0
2016-09-30,632.75,632.75,632.75,632.75,260.0,19712.0
2016-10-03,631.5,631.5,631.5,631.5,,
2016-10-04,626.0,626.0,626.0,626.0,2520.0,19952.0
2016-10-05,615.75,615.75,615.75,615.75,1200.0,20184.0
2016-10-06,624.0,624.0,624.0,624.0,1200.0,20764.0
2016-10-07,620.25,620.25,620.25,620.25,760.0,20884.0
2016-10-10,615.75,615.75,615.75,615.75,,
2016-10-11,630.75,630.75,630.75,630.75,600.0,21004.0
2016-10-12,634.0,634.0,634.0,634.0,780.0,21444.0
2016-10-13,631.75,631.75,631.75,631.75,340.0,21704.0
2016-10-14,631.25,631.25,631.25,631.25,,
2016-10-20,650.25,650.25,650.25,650.25,600.0,22304.0
2016-10-21,649.25,649.25,649.25,649.25,280.0,22344.0
2016-10-24,673.25,673.25,673.25,673.25,520.0,22544.0
2016-10-25,660.25,660.25,660.25,660.25,496.0,22440.0
2016-10-26,673.25,673.25,673.25,673.25,876.0,23280.0
2016-10-27,665.75,665.75,665.75,665.75,40.0,23320.0
2016-10-28,663.5,663.5,663.5,663.5,840.0,22960.0
2016-10-31,656.25,656.25,656.25,656.25,40.0,21220.0
2016-11-01,651.25,651.25,651.25,651.25,,
2016-11-02,656.75,656.75,656.75,656.75,80.0,21300.0
2016-11-03,660.5,660.5,660.5,660.5,320.0,21540.0
2016-11-04,650.75,650.75,650.75,650.75,200.0,21540.0
2016-11-07,661.25,661.25,661.25,661.25,120.0,21540.0
2016-11-08,674.25,674.25,674.25,674.25,,
2016-11-09,673.25,673.25,673.25,673.25,80.0,21600.0
2016-11-10,678.0,678.0,678.0,678.0,40.0,21560.0
2016-11-11,690.25,690.25,690.25,690.25,120.0,21520.0
2016-11-14,655.5,655.5,655.5,655.5,440.0,21800.0
2016-11-15,647.75,647.75,647.75,647.75,320.0,21628.0
2016-11-16,656.5,656.5,656.5,656.5,240.0,21828.0
2016-11-17,656.5,656.5,656.5,656.5,,
2016-11-18,651.25,651.25,651.25,651.25,240.0,21948.0
2016-11-21,659.5,659.5,659.5,659.5,240.0,21988.0
2016-11-22,662.0,662.0,662.0,662.0,160.0,22028.0
2016-11-23,665.75,665.75,665.75,665.75,,
2016-11-25,679.0,679.0,679.0,679.0,596.0,22196.0
2016-11-28,689.75,689.75,689.75,689.75,2208.0,21996.0
2016-11-29,683.25,683.25,683.25,683.25,964.0,21816.0
2016-11-30,688.25,688.25,688.25,688.25,528.0,20008.0
2016-12-01,689.25,689.25,689.25,689.25,168.0,19788.0
2016-12-02,691.0,691.0,691.0,691.0,880.0,20188.0
2016-12-05,703.25,703.25,703.25,703.25,840.0,19976.0
2016-12-06,713.0,713.0,713.0,713.0,40.0,20016.0
2016-12-07,706.75,706.75,706.75,706.75,1000.0,20800.0
2016-12-08,702.5,702.5,702.5,702.5,3296.0,23236.0
2016-12-09,696.25,696.25,696.25,696.25,2660.0,24456.0
2016-12-12,696.25,696.25,696.25,696.25,,
2016-12-13,700.75,700.75,700.75,700.75,,
2016-12-14,702.5,702.5,702.5,702.5,1080.0,24660.0
2016-12-15,708.0,708.0,708.0,708.0,440.0,25180.0
2016-12-16,704.5,704.5,704.5,704.5,40.0,25220.0
2016-12-19,702.25,702.25,702.25,702.25,1244.0,24992.0
2016-12-20,697.75,697.75,697.75,697.75,200.0,25192.0
2016-12-21,699.5,699.5,699.5,699.5,510.0,24912.0
2016-12-22,697.0,697.0,697.0,697.0,670.0,25070.0
2016-12-23,696.0,696.0,696.0,696.0,,
2016-12-27,699.0,699.0,699.0,699.0,,
2016-12-28,699.25,699.25,699.25,699.25,,
2016-12-29,698.5,698.5,698.5,698.5,40.0,25198.0
2016-12-30,698.5,698.5,698.5,698.5,,
2017-01-03,677.75,677.75,677.75,677.75,,
2017-01-04,673.0,673.0,673.0,673.0,336.0,22770.0
2017-01-05,669.0,669.0,669.0,669.0,40.0,22770.0
2017-01-06,666.0,666.0,666.0,666.0,1400.0,23250.0
2017-01-09,671.25,671.25,671.25,671.25,1080.0,23518.0
2017-01-10,667.25,667.25,667.25,667.25,680.0,23758.0
2017-01-11,678.0,678.0,678.0,678.0,80.0,23678.0
2017-01-12,678.25,678.25,678.25,678.25,800.0,23598.0
2017-01-13,680.0,680.0,680.0,680.0,,
2017-01-17,695.75,695.75,695.75,695.75,320.0,23446.0
2017-01-18,698.0,698.0,698.0,698.0,332.0,23486.0
2017-01-19,692.25,692.25,692.25,692.25,400.0,23686.0
2017-01-20,686.5,686.5,686.5,686.5,40.0,23686.0
2017-01-23,685.75,685.75,685.75,685.75,272.0,23566.0
2017-01-24,696.75,696.75,696.75,696.75,180.0,23386.0
2017-01-25,690.75,690.75,690.75,690.75,780.0,23526.0
2017-01-26,682.75,682.75,682.75,682.75,40.0,23566.0
2017-01-27,678.75,678.75,678.75,678.75,272.0,23598.0
2017-01-30,678.75,678.75,678.75,678.75,,
2017-01-31,669.0,669.0,669.0,669.0,200.0,21996.0
2017-02-01,655.75,655.75,655.75,655.75,,
2017-02-02,663.0,663.0,663.0,663.0,620.0,22116.0
2017-02-03,659.75,659.75,659.75,659.75,960.0,22316.0
2017-02-06,661.0,661.0,661.0,661.0,920.0,22796.0
2017-02-07,660.25,660.25,660.25,660.25,160.0,22716.0
2017-02-08,662.25,662.25,662.25,662.25,240.0,22956.0
2017-02-09,662.25,662.25,662.25,662.25,,
2017-02-10,658.75,658.75,658.75,658.75,1460.0,23856.0
2017-02-13,649.25,649.25,649.25,649.25,240.0,23992.0
2017-02-14,647.75,647.75,647.75,647.75,280.0,23952.0
2017-02-15,648.5,648.5,648.5,648.5,40.0,23952.0
2017-02-16,638.0,638.0,638.0,638.0,332.0,23976.0
2017-02-17,623.5,623.5,623.5,623.5,,
2017-02-21,607.25,607.25,607.25,607.25,1700.0,24356.0
2017-02-22,615.5,615.5,615.5,615.5,640.0,23284.0
2017-02-23,614.5,614.5,614.5,614.5,500.0,23204.0
2017-02-24,620.0,620.0,620.0,620.0,1360.0,23084.0
2017-02-27,611.5,611.5,611.5,611.5,440.0,23208.0
2017-02-28,614.75,614.75,614.75,614.75,780.0,21348.0
2017-03-01,622.25,622.25,622.25,622.25,480.0,21588.0
2017-03-02,628.25,628.25,628.25,628.25,280.0,21824.0
2017-03-03,625.25,625.25,625.25,625.25,120.0,21704.0
2017-03-06,629.0,629.0,629.0,629.0,40.0,21708.0
2017-03-07,621.75,621.75,621.75,621.75,,
2017-03-08,622.25,622.25,622.25,622.25,540.0,22200.0
2017-03-09,613.5,613.5,613.5,613.5,280.0,22120.0
2017-03-10,600.5,600.5,600.5,600.5,160.0,22240.0
2017-03-13,590.25,590.25,590.25,590.25,920.0,22120.0
2017-03-14,592.75,592.75,592.75,592.75,,
2017-03-15,602.5,602.5,602.5,602.5,,
2017-03-16,617.0,617.0,617.0,617.0,1684.0,22232.0
2017-03-17,618.25,618.25,618.25,618.25,520.0,22512.0
2017-03-20,615.5,615.5,615.5,615.5,520.0,22712.0
2017-03-21,620.5,620.5,620.5,620.5,560.0,23272.0
2017-03-22,625.25,625.25,625.25,625.25,120.0,23392.0
2017-03-23,613.25,613.25,613.25,613.25,240.0,23632.0
2017-03-24,608.5,608.5,608.5,608.5,480.0,24112.0
2017-03-27,596.75,596.75,596.75,596.75,120.0,24112.0
2017-03-28,598.5,598.5,598.5,598.5,400.0,24392.0
2017-03-29,601.25,601.25,601.25,601.25,520.0,24652.0
2017-03-30,587.0,587.0,587.0,587.0,,
2017-03-31,583.25,583.25,583.25,583.25,736.0,22328.0
2017-04-03,587.25,587.25,587.25,587.25,,
2017-04-04,579.75,579.75,579.75,579.75,100.0,22268.0
2017-04-05,594.25,594.25,594.25,594.25,,
2017-04-06,593.0,593.0,593.0,593.0,40.0,22308.0
2017-04-07,584.5,584.5,584.5,584.5,200.0,22308.0
2017-04-10,572.25,572.25,572.25,572.25,,
2017-04-11,576.25,576.25,576.25,576.25,200.0,22108.0
2017-04-12,572.75,572.75,572.75,572.75,340.0,22228.0
2017-04-13,568.0,568.0,568.0,568.0,,
2017-04-17,567.25,567.25,567.25,567.25,,
2017-04-18,561.0,561.0,561.0,561.0,2000.0,23468.0
2017-04-19,552.0,552.0,552.0,552.0,1280.0,24228.0
2017-04-20,561.25,561.25,561.25,561.25,1040.0,24868.0
2017-04-21,567.25,567.25,567.25,567.25,720.0,25228.0
2017-04-24,567.25,567.25,567.25,567.25,,
2017-04-25,556.75,556.75,556.75,556.75,1360.0,26128.0
2017-04-26,565.75,565.75,565.75,565.75,280.0,26128.0
2017-04-27,565.0,565.0,565.0,565.0,720.0,26568.0
2017-04-28,564.75,564.75,564.75,564.75,736.0,24286.0
2017-05-01,564.75,564.75,564.75,564.75,,
2017-05-02,574.75,574.75,574.75,574.75,100.0,24386.0
2017-05-03,571.0,571.0,571.0,571.0,780.0,24186.0
2017-05-04,572.75,572.75,572.75,572.75,,
2017-05-05,580.75,580.75,580.75,580.75,40.0,24226.0
2017-05-08,586.0,586.0,586.0,586.0,220.0,24046.0
2017-05-09,591.75,591.75,591.75,591.75,1680.0,25726.0
2017-05-10,591.75,591.75,591.75,591.75,,
2017-05-11,598.5,598.5,598.5,598.5,2080.0,26716.0
2017-05-12,593.5,593.5,593.5,593.5,1480.0,27716.0
2017-05-15,601.75,601.75,601.75,601.75,480.0,27796.0
2017-05-16,605.0,605.0,605.0,605.0,200.0,27836.0
2017-05-17,612.0,612.0,612.0,612.0,1200.0,27976.0
2017-05-18,607.0,607.0,607.0,607.0,260.0,27956.0
2017-05-19,608.5,608.5,608.5,608.5,184.0,28056.0
2017-05-22,618.0,618.0,618.0,618.0,,
2017-05-23,609.0,609.0,609.0,609.0,704.0,27950.0
2017-05-24,584.5,584.5,584.5,584.5,1960.0,28570.0
2017-05-25,592.0,592.0,592.0,592.0,640.0,28810.0
2017-05-26,582.25,582.25,582.25,582.25,,
2017-05-30,570.25,570.25,570.25,570.25,720.0,29190.0
2017-05-31,567.5,567.5,567.5,567.5,472.0,26882.0
2017-06-01,569.25,569.25,569.25,569.25,200.0,26842.0
2017-06-02,567.5,567.5,567.5,567.5,40.0,26882.0
2017-06-05,570.5,570.5,570.5,570.5,40.0,26882.0
2017-06-06,571.25,571.25,571.25,571.25,240.0,26882.0
2017-06-07,564.25,564.25,564.25,564.25,40.0,26922.0
2017-06-08,563.0,563.0,563.0,563.0,1280.0,26870.0
2017-06-09,567.0,567.0,567.0,567.0,400.0,27070.0
2017-06-12,567.0,567.0,567.0,567.0,,
2017-06-13,562.75,562.75,562.75,562.75,1160.0,27174.0
2017-06-14,567.75,567.75,567.75,567.75,1576.0,27054.0
2017-06-15,573.5,573.5,573.5,573.5,760.0,27174.0
2017-06-16,580.25,580.25,580.25,580.25,960.0,26934.0
2017-06-19,581.25,581.25,581.25,581.25,1040.0,27694.0
2017-06-20,574.25,574.25,574.25,574.25,20.0,27914.0
2017-06-21,567.5,567.5,567.5,567.5,840.0,28634.0
2017-06-22,565.75,565.75,565.75,565.75,120.0,28434.0
2017-06-23,566.25,566.25,566.25,566.25,480.0,28434.0
2017-06-26,566.25,566.25,566.25,566.25,,
2017-06-27,566.25,566.25,566.25,566.25,,
2017-06-28,564.75,564.75,564.75,564.75,720.0,29206.0
2017-06-29,573.5,573.5,573.5,573.5,640.0,28670.0
2017-06-30,571.5,571.5,571.5,571.5,700.0,26318.0
2017-07-03,577.25,577.25,577.25,577.25,,
2017-07-05,585.0,585.0,585.0,585.0,680.0,26398.0
2017-07-06,586.75,586.75,586.75,586.75,840.0,26878.0
2017-07-07,585.75,585.75,585.75,585.75,400.0,27118.0
2017-07-10,595.75,595.75,595.75,595.75,160.0,26958.0
2017-07-11,596.0,596.0,596.0,596.0,480.0,26958.0
2017-07-12,594.75,594.75,594.75,594.75,200.0,26998.0
2017-07-13,590.25,590.25,590.25,590.25,,
2017-07-14,592.75,592.75,592.75,592.75,360.0,27358.0
2017-07-17,590.5,590.5,590.5,590.5,960.0,27678.0
2017-07-18,585.25,585.25,585.25,585.25,,
2017-07-19,588.25,588.25,588.25,588.25,120.0,27658.0
2017-07-20,599.5,599.5,599.5,599.5,296.0,27618.0
2017-07-21,599.5,599.5,599.5,599.5,80.0,27658.0
2017-07-24,595.5,595.5,595.5,595.5,120.0,27618.0
2017-07-25,611.75,611.75,611.75,611.75,240.0,27658.0
2017-07-26,612.25,612.25,612.25,612.25,160.0,27758.0
2017-07-27,624.0,624.0,624.0,624.0,40.0,27798.0
2017-07-28,618.5,618.5,618.5,618.5,404.0,28030.0
2017-07-31,624.5,624.5,624.5,624.5,,
2017-08-01,621.25,621.25,621.25,621.25,180.0,25830.0
2017-08-02,620.25,620.25,620.25,620.25,,
2017-08-03,614.0,614.0,614.0,614.0,80.0,25870.0
2017-08-04,613.75,613.75,613.75,613.75,,
2017-08-07,604.5,604.5,604.5,604.5,,
2017-08-08,616.75,616.75,616.75,616.75,120.0,25870.0
2017-08-09,618.0,618.0,618.0,618.0,80.0,25950.0
2017-08-10,624.25,624.25,624.25,624.25,,
2017-08-11,625.75,625.75,625.75,625.75,360.0,26190.0
2017-08-14,623.5,623.5,623.5,623.5,80.0,26390.0
2017-08-15,618.0,618.0,618.0,618.0,240.0,26270.0
2017-08-16,617.0,617.0,617.0,617.0,260.0,26250.0
2017-08-17,621.0,621.0,621.0,621.0,240.0,26400.0
2017-08-18,625.75,625.75,625.75,625.75,400.0,26568.0
2017-08-21,632.0,632.0,632.0,632.0,320.0,26708.0
2017-08-22,640.0,640.0,640.0,640.0,720.0,26768.0
2017-08-23,640.5,640.5,640.5,640.5,1120.0,26528.0
2017-08-24,651.75,651.75,651.75,651.75,608.0,26888.0
2017-08-25,646.25,646.25,646.25,646.25,160.0,27048.0
2017-08-28,644.75,644.75,644.75,644.75,,
2017-08-29,638.25,638.25,638.25,638.25,140.0,27188.0
2017-08-30,637.25,637.25,637.25,637.25,84.0,27188.0
2017-08-31,637.25,637.25,637.25,637.25,,
2017-09-01,637.25,637.25,637.25,637.25,,
2017-09-05,650.5,650.5,650.5,650.5,240.0,25008.0
2017-09-06,646.25,646.25,646.25,646.25,40.0,25048.0
2017-09-07,663.0,663.0,663.0,663.0,120.0,24968.0
2017-09-08,660.5,660.5,660.5,660.5,240.0,24808.0
2017-09-11,666.0,666.0,666.0,666.0,2040.0,23316.0
2017-09-12,669.0,669.0,669.0,669.0,,
2017-09-13,681.0,681.0,681.0,681.0,840.0,23872.0
2017-09-14,677.5,677.5,677.5,677.5,1320.0,24256.0
2017-09-15,677.5,677.5,677.5,677.5,,
2017-09-18,671.25,671.25,671.25,671.25,760.0,24216.0
2017-09-19,660.25,660.25,660.25,660.25,160.0,24216.0
2017-09-20,662.25,662.25,662.25,662.25,800.0,24136.0
2017-09-21,653.75,653.75,653.75,653.75,540.0,24216.0
2017-09-22,653.75,653.75,653.75,653.75,,
2017-09-25,643.75,643.75,643.75,643.75,360.0,24256.0
2017-09-26,653.75,653.75,653.75,653.75,2400.0,23064.0
2017-09-27,650.5,650.5,650.5,650.5,1428.0,22944.0
2017-09-28,639.0,639.0,639.0,639.0,920.0,23584.0
2017-09-29,638.25,638.25,638.25,638.25,280.0,20448.0
2017-10-02,629.5,629.5,629.5,629.5,120.0,20568.0
2017-10-03,634.25,634.25,634.25,634.25,40.0,20608.0
2017-10-04,642.75,642.75,642.75,642.75,1160.0,20928.0
2017-10-05,643.5,643.5,643.5,643.5,40.0,20688.0
2017-10-06,644.25,644.25,644.25,644.25,300.0,20808.0
2017-10-09,645.75,645.75,645.75,645.75,40.0,20828.0
2017-10-10,638.5,638.5,638.5,638.5,3200.0,23144.0
2017-10-11,641.0,641.0,641.0,641.0,720.0,23824.0
2017-10-12,643.5,643.5,643.5,643.5,,
2017-10-13,653.0,653.0,653.0,653.0,180.0,23816.0
2017-10-16,655.25,655.25,655.25,655.25,,
2017-10-17,651.0,651.0,651.0,651.0,400.0,23736.0
2017-10-18,651.0,651.0,651.0,651.0,,
2017-10-19,647.75,647.75,647.75,647.75,880.0,24260.0
2017-10-20,650.75,650.75,650.75,650.75,240.0,24460.0
2017-10-23,661.25,661.25,661.25,661.25,,
2017-10-24,657.5,657.5,657.5,657.5,80.0,24540.0
2017-10-25,664.0,664.0,664.0,664.0,52.0,24488.0
2017-10-26,665.75,665.75,665.75,665.75,40.0,24488.0
2017-10-27,667.25,667.25,667.25,667.25,280.0,24528.0
2017-10-30,673.5,673.5,673.5,673.5,40.0,24528.0
2017-10-31,669.75,669.75,669.75,669.75,504.0,22048.0
2017-11-01,674.25,674.25,674.25,674.25,,
2017-11-02,671.5,671.5,671.5,671.5,,
2017-11-03,666.75,666.75,666.75,666.75,40.0,22088.0
2017-11-06,661.0,661.0,661.0,661.0,,
2017-11-07,662.75,662.75,662.75,662.75,400.0,22168.0
2017-11-08,671.5,671.5,671.5,671.5,120.0,22168.0
2017-11-09,674.25,674.25,674.25,674.25,940.0,21800.0
2017-11-10,672.25,672.25,672.25,672.25,160.0,21920.0
2017-11-13,663.5,663.5,663.5,663.5,120.0,22000.0
2017-11-14,654.0,654.0,654.0,654.0,920.0,22520.0
2017-11-15,654.5,654.5,654.5,654.5,,
2017-11-16,656.25,656.25,656.25,656.25,60.0,22460.0
2017-11-17,652.0,652.0,652.0,652.0,,
2017-11-20,634.25,634.25,634.25,634.25,1180.0,22800.0
2017-11-21,636.75,636.75,636.75,636.75,,
2017-11-22,646.25,646.25,646.25,646.25,200.0,22800.0
2017-11-24,639.25,639.25,639.25,639.25,580.0,23180.0
2017-11-27,631.0,631.0,631.0,631.0,260.0,23380.0
2017-11-28,630.75,630.75,630.75,630.75,120.0,23472.0
2017-11-29,627.5,627.5,627.5,627.5,240.0,23412.0
2017-11-30,636.25,636.25,636.25,636.25,240.0,21060.0
2017-12-01,636.25,636.25,636.25,636.25,,
2017-12-04,634.0,634.0,634.0,634.0,360.0,21060.0
2017-12-05,632.75,632.75,632.75,632.75,40.0,21060.0
2017-12-06,624.5,624.5,624.5,624.5,,
2017-12-07,615.5,615.5,615.5,615.5,150.0,21174.0
2017-12-08,610.25,610.25,610.25,610.25,360.0,21034.0
2017-12-11,607.5,607.5,607.5,607.5,,
2017-12-12,610.25,610.25,610.25,610.25,1200.0,20658.0
2017-12-13,608.0,608.0,608.0,608.0,240.0,20778.0
2017-12-14,607.5,607.5,607.5,607.5,390.0,20772.0
2017-12-15,615.5,615.5,615.5,615.5,80.0,20652.0
2017-12-18,616.25,616.25,616.25,616.25,140.0,20812.0
2017-12-19,616.25,616.25,616.25,616.25,300.0,20532.0
2017-12-20,614.25,614.25,614.25,614.25,120.0,20532.0
2017-12-21,610.5,610.5,610.5,610.5,360.0,20592.0
2017-12-22,610.0,610.0,610.0,610.0,460.0,20592.0
2017-12-26,612.75,612.75,612.75,612.75,,
2017-12-27,614.0,614.0,614.0,614.0,,
2017-12-28,613.75,613.75,613.75,613.75,,
2017-12-29,613.75,613.75,613.75,613.75,,
2018-01-02,627.75,627.75,627.75,627.75,120.0,17544.0
2018-01-03,646.75,646.75,646.75,646.75,360.0,17224.0
2018-01-04,642.5,642.5,642.5,642.5,,
2018-01-05,647.75,647.75,647.75,647.75,,
2018-01-08,655.0,655.0,655.0,655.0,400.0,17384.0
2018-01-09,648.0,648.0,648.0,648.0,440.0,17464.0
2018-01-10,651.5,651.5,651.5,651.5,1280.0,19424.0
2018-01-11,644.5,644.5,644.5,644.5,940.0,19364.0
2018-01-12,641.25,641.25,641.25,641.25,40.0,19404.0
2018-01-16,640.75,640.75,640.75,640.75,140.0,19404.0
2018-01-17,637.5,637.5,637.5,637.5,40.0,19404.0
2018-01-18,635.5,635.5,635.5,635.5,120.0,19364.0
2018-01-19,634.0,634.0,634.0,634.0,120.0,19484.0
2018-01-22,636.25,636.25,636.25,636.25,220.0,19684.0
2018-01-23,634.25,634.25,634.25,634.25,,
2018-01-24,644.25,644.25,644.25,644.25,280.0,19624.0
2018-01-25,640.5,640.5,640.5,640.5,200.0,19624.0
2018-01-26,643.5,643.5,643.5,643.5,240.0,19624.0
2018-01-29,647.25,647.25,647.25,647.25,,
2018-01-30,638.75,638.75,638.75,638.75,,
2018-01-31,638.75,638.75,638.75,638.75,,
2018-02-01,638.75,638.75,638.75,638.75,,
2018-02-02,633.5,633.5,633.5,633.5,360.0,17796.0
2018-02-05,636.5,636.5,636.5,636.5,,
2018-02-06,632.25,632.25,632.25,632.25,,
2018-02-07,637.0,637.0,637.0,637.0,,
2018-02-08,634.25,634.25,634.25,634.25,,
2018-02-09,635.75,635.75,635.75,635.75,360.0,17876.0
2018-02-12,639.0,639.0,639.0,639.0,,
2018-02-13,635.25,635.25,635.25,635.25,,
2018-02-14,634.75,634.75,634.75,634.75,80.0,17876.0
2018-02-15,640.0,640.0,640.0,640.0,,
2018-02-16,640.0,640.0,640.0,640.0,,
2018-02-20,632.0,632.0,632.0,632.0,120.0,17796.0
2018-02-21,631.25,631.25,631.25,631.25,300.0,18096.0
2018-02-22,625.5,625.5,625.5,625.5,,
2018-02-23,632.25,632.25,632.25,632.25,,
2018-02-26,636.5,636.5,636.5,636.5,80.0,17796.0
2018-02-27,638.0,638.0,638.0,638.0,320.0,18036.0
2018-02-28,639.5,639.5,639.5,639.5,320.0,16354.0
2018-03-01,638.5,638.5,638.5,638.5,40.0,16394.0
2018-03-02,623.25,623.25,623.25,623.25,60.0,16658.0
2018-03-05,621.0,621.0,621.0,621.0,,
2018-03-06,627.75,627.75,627.75,627.75,,
2018-03-07,620.5,620.5,620.5,620.5,120.0,16270.0
2018-03-08,613.75,613.75,613.75,613.75,440.0,16610.0
2018-03-09,605.0,605.0,605.0,605.0,200.0,16650.0
2018-03-12,606.75,606.75,606.75,606.75,520.0,16578.0
2018-03-13,614.25,614.25,614.25,614.25,,
2018-03-14,621.0,621.0,621.0,621.0,240.0,16498.0
2018-03-15,618.75,618.75,618.75,618.75,,
2018-03-16,614.5,614.5,614.5,614.5,,
2018-03-19,613.75,613.75,613.75,613.75,480.0,16698.0
2018-03-20,615.0,615.0,615.0,615.0,720.0,17398.0
2018-03-21,617.5,617.5,617.5,617.5,240.0,17638.0
2018-03-22,623.0,623.0,623.0,623.0,240.0,17878.0
2018-03-23,618.25,618.25,618.25,618.25,480.0,18358.0
2018-03-26,620.25,620.25,620.25,620.25,,
2018-03-27,624.0,624.0,624.0,624.0,,
2018-03-28,623.5,623.5,623.5,623.5,40.0,18398.0
2018-03-29,617.25,617.25,617.25,617.25,,
2018-04-02,632.0,632.0,632.0,632.0,80.0,16596.0
2018-04-03,627.0,627.0,627.0,627.0,480.0,16516.0
2018-04-04,630.75,630.75,630.75,630.75,160.0,16516.0
2018-04-05,635.0,635.0,635.0,635.0,,
2018-04-06,641.5,641.5,641.5,641.5,120.0,16556.0
2018-04-09,631.75,631.75,631.75,631.75,40.0,16596.0
2018-04-10,627.0,627.0,627.0,627.0,300.0,16776.0
2018-04-11,627.25,627.25,627.25,627.25,160.0,16668.0
2018-04-12,625.25,625.25,625.25,625.25,200.0,16668.0
2018-04-13,618.25,618.25,618.25,618.25,180.0,16668.0
2018-04-16,608.5,608.5,608.5,608.5,260.0,16628.0
2018-04-17,618.0,618.0,618.0,618.0,240.0,16628.0
2018-04-18,618.75,618.75,618.75,618.75,60.0,16676.0
2018-04-19,617.75,617.75,617.75,617.75,840.0,17036.0
2018-04-20,620.0,620.0,620.0,620.0,480.0,17516.0
2018-04-23,617.75,617.75,617.75,617.75,,
2018-04-24,613.0,613.0,613.0,613.0,,
2018-04-25,611.0,611.0,611.0,611.0,40.0,17516.0
2018-04-26,608.5,608.5,608.5,608.5,40.0,17556.0
2018-04-27,607.0,607.0,607.0,607.0,60.0,21476.0
2018-04-30,601.0,601.0,601.0,601.0,,
2018-05-01,601.0,601.0,601.0,601.0,,
2018-05-02,600.25,600.25,600.25,600.25,160.0,15488.0
2018-05-03,593.0,593.0,593.0,593.0,780.0,15848.0
2018-05-04,593.25,593.25,593.25,593.25,800.0,16008.0
2018-05-07,602.25,602.25,602.25,602.25,,
2018-05-08,601.75,601.75,601.75,601.75,,
2018-05-09,601.75,601.75,601.75,601.75,,
2018-05-10,601.75,601.75,601.75,601.75,,
2018-05-11,601.75,601.75,601.75,601.75,,
2018-05-14,609.5,609.5,609.5,609.5,360.0,15888.0
2018-05-15,613.0,613.0,613.0,613.0,20.0,15888.0
2018-05-16,608.0,608.0,608.0,608.0,,
2018-05-17,612.0,612.0,612.0,612.0,360.0,16248.0
2018-05-18,615.5,615.5,615.5,615.5,20.0,16248.0
2018-05-21,613.75,613.75,613.75,613.75,240.0,16328.0
2018-05-22,622.75,622.75,622.75,622.75,,
2018-05-23,619.5,619.5,619.5,619.5,,
2018-05-24,625.25,625.25,625.25,625.25,40.0,16348.0
2018-05-25,616.0,616.0,616.0,616.0,40.0,16348.0
2018-05-29,616.0,616.0,616.0,616.0,,
2018-05-30,611.25,611.25,611.25,611.25,,
2018-05-31,610.5,610.5,610.5,610.5,,
2018-06-01,612.75,612.75,612.75,612.75,,
2018-06-04,605.75,605.75,605.75,605.75,,
2018-06-05,605.0,605.0,605.0,605.0,680.0,14420.0
2018-06-06,603.5,603.5,603.5,603.5,80.0,14500.0
2018-06-07,601.75,601.75,601.75,601.75,818.0,15282.0
2018-06-08,597.0,597.0,597.0,597.0,880.0,16038.0
2018-06-11,595.5,595.5,595.5,595.5,1080.0,17012.0
2018-06-12,589.5,589.5,589.5,589.5,300.0,17312.0
2018-06-13,588.0,588.0,588.0,588.0,1092.0,17796.0
2018-06-14,590.5,590.5,590.5,590.5,,
2018-06-15,590.5,590.5,590.5,590.5,,
2018-06-18,586.5,586.5,586.5,586.5,240.0,17956.0
2018-06-19,581.5,581.5,581.5,581.5,1920.0,19768.0
2018-06-20,581.0,581.0,581.0,581.0,520.0,19824.0
2018-06-21,579.75,579.75,579.75,579.75,120.0,19636.0
2018-06-22,582.25,582.25,582.25,582.25,120.0,19636.0
2018-06-25,582.5,582.5,582.5,582.5,520.0,19836.0
2018-06-26,581.75,581.75,581.75,581.75,240.0,19956.0
2018-06-27,583.0,583.0,583.0,583.0,1560.0,21260.0
2018-06-28,583.5,583.5,583.5,583.5,440.0,21580.0
2018-06-29,583.25,583.25,583.25,583.25,720.0,19972.0
2018-07-02,595.5,595.5,595.5,595.5,200.0,20092.0
2018-07-03,589.5,589.5,589.5,589.5,1320.0,21332.0
2018-07-05,581.75,581.75,581.75,581.75,1320.0,22572.0
2018-07-06,578.5,578.5,578.5,578.5,,
2018-07-09,582.0,582.0,582.0,582.0,240.0,22212.0
2018-07-10,582.75,582.75,582.75,582.75,480.0,22652.0
2018-07-11,568.0,568.0,568.0,568.0,164.0,22776.0
2018-07-12,565.5,565.5,565.5,565.5,400.0,23176.0
2018-07-13,554.25,554.25,554.25,554.25,200.0,22976.0
2018-07-16,557.25,557.25,557.25,557.25,120.0,22856.0
2018-07-17,555.75,555.75,555.75,555.75,,
2018-07-18,565.25,565.25,565.25,565.25,320.0,23016.0
2018-07-19,560.0,560.0,560.0,560.0,240.0,23216.0
2018-07-20,557.75,557.75,557.75,557.75,160.0,23336.0
2018-07-23,553.25,553.25,553.25,553.25,120.0,23016.0
2018-07-24,551.0,551.0,551.0,551.0,,
2018-07-25,555.5,555.5,555.5,555.5,,
2018-07-26,566.5,566.5,566.5,566.5,,
2018-07-27,566.75,566.75,566.75,566.75,60.0,23016.0
2018-07-30,570.5,570.5,570.5,570.5,,
2018-07-31,571.5,571.5,571.5,571.5,,
2018-08-01,573.75,573.75,573.75,573.75,120.0,21360.0
2018-08-02,571.25,571.25,571.25,571.25,,
2018-08-03,570.5,570.5,570.5,570.5,,
2018-08-06,573.5,573.5,573.5,573.5,,
2018-08-07,578.75,578.75,578.75,578.75,240.0,21360.0
2018-08-08,581.25,581.25,581.25,581.25,200.0,21280.0
2018-08-09,578.5,578.5,578.5,578.5,,
2018-08-10,579.5,579.5,579.5,579.5,,
2018-08-13,569.0,569.0,569.0,569.0,600.0,20920.0
2018-08-14,569.5,569.5,569.5,569.5,60.0,20496.0
2018-08-15,563.25,563.25,563.25,563.25,400.0,20496.0
2018-08-16,564.5,564.5,564.5,564.5,160.0,20336.0
2018-08-17,568.5,568.5,568.5,568.5,400.0,20136.0
2018-08-20,573.0,573.0,573.0,573.0,120.0,
2018-08-21,570.75,570.75,570.75,570.75,160.0,20036.0
2018-08-22,570.75,570.75,570.75,570.75,,
2018-08-23,565.0,565.0,565.0,565.0,40.0,20036.0
2018-08-24,565.75,565.75,565.75,565.75,80.0,20028.0
2018-08-27,561.75,561.75,561.75,561.75,80.0,20028.0
2018-08-28,569.25,569.25,569.25,569.25,240.0,20028.0
2018-08-29,565.75,565.75,565.75,565.75,120.0,20028.0
2018-08-30,569.5,569.5,569.5,569.5,540.0,20388.0
2018-08-31,569.5,569.5,569.5,569.5,540.0,19122.0
2018-09-04,577.75,577.75,577.75,577.75,240.0,19122.0
2018-09-05,573.5,573.5,573.5,573.5,240.0,19362.0
2018-09-06,573.25,573.25,573.25,573.25,480.0,19402.0
2018-09-07,569.25,569.25,569.25,569.25,480.0,
2018-09-10,580.0,580.0,580.0,580.0,,
2018-09-11,580.0,580.0,580.0,580.0,,
2018-09-12,571.25,571.25,571.25,571.25,1400.0,21242.0
2018-09-13,573.75,573.75,573.75,573.75,520.0,21722.0
2018-09-14,573.75,573.75,573.75,573.75,40.0,21722.0
2018-09-17,573.75,573.75,573.75,573.75,,
2018-09-18,563.25,563.25,563.25,563.25,280.0,22002.0
2018-09-19,554.25,554.25,554.25,554.25,40.0,22002.0
2018-09-20,553.0,553.0,553.0,553.0,,
2018-09-21,555.0,555.0,555.0,555.0,240.0,22242.0
2018-09-24,562.25,562.25,562.25,562.25,720.0,22962.0
2018-09-25,563.0,563.0,563.0,563.0,120.0,22962.0
2018-09-26,563.5,563.5,563.5,563.5,240.0,23202.0
2018-09-27,563.25,563.25,563.25,563.25,80.0,23202.0
2018-09-28,570.5,570.5,570.5,570.5,,
2018-10-01,575.25,575.25,575.25,575.25,,
2018-10-02,578.75,578.75,578.75,578.75,240.0,21864.0
2018-10-03,583.25,583.25,583.25,583.25,,
2018-10-04,589.25,589.25,589.25,589.25,,
2018-10-05,589.25,589.25,589.25,589.25,,
2018-10-08,577.5,577.5,577.5,577.5,,
2018-10-09,583.5,583.5,583.5,583.5,,
2018-10-10,584.5,584.5,584.5,584.5,,
2018-10-11,575.5,575.5,575.5,575.5,,
2018-10-12,578.5,578.5,578.5,578.5,,
2018-10-15,576.5,576.5,576.5,576.5,,
2018-10-16,579.5,579.5,579.5,579.5,240.0,22104.0
2018-10-17,581.0,581.0,581.0,581.0,,
2018-10-18,576.0,576.0,576.0,576.0,,
2018-10-19,573.0,573.0,573.0,573.0,,
2018-10-22,575.5,575.5,575.5,575.5,,
2018-10-23,569.5,569.5,569.5,569.5,,
2018-10-24,564.0,564.0,564.0,564.0,,
2018-10-25,558.25,558.25,558.25,558.25,600.0,22704.0
2018-10-26,556.25,556.25,556.25,556.25,,
2018-10-29,566.75,566.75,566.75,566.75,,
2018-10-30,559.75,559.75,559.75,559.75,,
2018-10-31,557.0,557.0,557.0,557.0,,
2018-11-01,558.0,558.0,558.0,558.0,,
2018-11-02,563.0,563.0,563.0,563.0,,
2018-11-05,556.25,556.25,556.25,556.25,,
2018-11-06,556.25,556.25,556.25,556.25,,
2018-11-07,556.5,556.5,556.5,556.5,,
2018-11-08,554.25,554.25,554.25,554.25,,
2018-11-09,545.75,545.75,545.75,545.75,,
2018-11-12,540.75,540.75,540.75,540.75,80.0,20892.0
2018-11-13,536.5,536.5,536.5,536.5,240.0,
2018-11-14,529.5,529.5,529.5,529.5,,
2018-11-15,529.75,529.75,529.75,529.75,,
2018-11-16,517.0,517.0,517.0,517.0,40.0,21148.0
2018-11-19,521.75,521.75,521.75,521.75,100.0,21248.0
2018-11-20,521.75,521.75,521.75,521.75,,
2018-11-21,521.5,521.5,521.5,521.5,260.0,21348.0
2018-11-23,526.25,526.25,526.25,526.25,,
2018-11-26,516.25,516.25,516.25,516.25,,
2018-11-27,514.0,514.0,514.0,514.0,,
2018-11-28,522.5,522.5,522.5,522.5,,
2018-11-29,524.5,524.5,524.5,524.5,,
2018-11-30,528.75,528.75,528.75,528.75,,
2018-12-03,527.25,527.25,527.25,527.25,,
2018-12-04,534.25,534.25,534.25,534.25,,
2018-12-06,528.0,528.0,528.0,528.0,,
2018-12-07,527.0,527.0,527.0,527.0,,
2018-12-10,533.25,533.25,533.25,533.25,480.0,
2018-12-11,525.75,525.75,525.75,525.75,100.0,19976.0
2018-12-12,529.75,529.75,529.75,529.75,6000.0,25336.0
2018-12-13,530.0,530.0,530.0,530.0,280.0,19936.0
2018-12-14,532.0,532.0,532.0,532.0,,
2018-12-17,529.75,529.75,529.75,529.75,,
2018-12-18,532.25,532.25,532.25,532.25,,
2018-12-19,534.25,534.25,534.25,534.25,,
2018-12-20,535.75,535.75,535.75,535.75,,
2018-12-21,533.75,533.75,533.75,533.75,,
2018-12-24,526.0,526.0,526.0,526.0,,
2018-12-26,523.25,523.25,523.25,523.25,,
2018-12-27,524.75,524.75,524.75,524.75,,
2018-12-28,529.75,529.75,529.75,529.75,,
2018-12-31,533.5,533.5,533.5,533.5,,
